segment_id,Crude_Oil_x_lag1,Crude_Oil_x_lag10,Crude_Oil_x_lag11,Crude_Oil_x_lag12,Crude_Oil_x_lag13,Crude_Oil_x_lag14,Crude_Oil_x_lag15,Crude_Oil_x_lag16,Crude_Oil_x_lag17,Crude_Oil_x_lag18,Crude_Oil_x_lag19,Crude_Oil_x_lag2,Crude_Oil_x_lag20,Crude_Oil_x_lag3,Crude_Oil_x_lag4,Crude_Oil_x_lag5,Crude_Oil_x_lag6,Crude_Oil_x_lag7,Crude_Oil_x_lag8,Crude_Oil_x_lag9,Crude_Oil_y_lag1,Crude_Oil_y_lag10,Crude_Oil_y_lag11,Crude_Oil_y_lag12,Crude_Oil_y_lag13,Crude_Oil_y_lag14,Crude_Oil_y_lag15,Crude_Oil_y_lag16,Crude_Oil_y_lag17,Crude_Oil_y_lag18,Crude_Oil_y_lag19,Crude_Oil_y_lag2,Crude_Oil_y_lag20,Crude_Oil_y_lag3,Crude_Oil_y_lag4,Crude_Oil_y_lag5,Crude_Oil_y_lag6,Crude_Oil_y_lag7,Crude_Oil_y_lag8,Crude_Oil_y_lag9,Gold_x_lag1,Gold_x_lag10,Gold_x_lag11,Gold_x_lag12,Gold_x_lag13,Gold_x_lag14,Gold_x_lag15,Gold_x_lag16,Gold_x_lag17,Gold_x_lag18,Gold_x_lag19,Gold_x_lag2,Gold_x_lag20,Gold_x_lag3,Gold_x_lag4,Gold_x_lag5,Gold_x_lag6,Gold_x_lag7,Gold_x_lag8,Gold_x_lag9,Gold_y_lag1,Gold_y_lag10,Gold_y_lag11,Gold_y_lag12,Gold_y_lag13,Gold_y_lag14,Gold_y_lag15,Gold_y_lag16,Gold_y_lag17,Gold_y_lag18,Gold_y_lag19,Gold_y_lag2,Gold_y_lag20,Gold_y_lag3,Gold_y_lag4,Gold_y_lag5,Gold_y_lag6,Gold_y_lag7,Gold_y_lag8,Gold_y_lag9,IEF_x_lag1,IEF_x_lag10,IEF_x_lag11,IEF_x_lag12,IEF_x_lag13,IEF_x_lag14,IEF_x_lag15,IEF_x_lag16,IEF_x_lag17,IEF_x_lag18,IEF_x_lag19,IEF_x_lag2,IEF_x_lag20,IEF_x_lag3,IEF_x_lag4,IEF_x_lag5,IEF_x_lag6,IEF_x_lag7,IEF_x_lag8,IEF_x_lag9,IEF_y_lag1,IEF_y_lag10,IEF_y_lag11,IEF_y_lag12,IEF_y_lag13,IEF_y_lag14,IEF_y_lag15,IEF_y_lag16,IEF_y_lag17,IEF_y_lag18,IEF_y_lag19,IEF_y_lag2,IEF_y_lag20,IEF_y_lag3,IEF_y_lag4,IEF_y_lag5,IEF_y_lag6,IEF_y_lag7,IEF_y_lag8,IEF_y_lag9,Natural_Gas_x_lag1,Natural_Gas_x_lag10,Natural_Gas_x_lag11,Natural_Gas_x_lag12,Natural_Gas_x_lag13,Natural_Gas_x_lag14,Natural_Gas_x_lag15,Natural_Gas_x_lag16,Natural_Gas_x_lag17,Natural_Gas_x_lag18,Natural_Gas_x_lag19,Natural_Gas_x_lag2,Natural_Gas_x_lag20,Natural_Gas_x_lag3,Natural_Gas_x_lag4,Natural_Gas_x_lag5,Natural_Gas_x_lag6,Natural_Gas_x_lag7,Natural_Gas_x_lag8,Natural_Gas_x_lag9,Natural_Gas_y_lag1,Natural_Gas_y_lag10,Natural_Gas_y_lag11,Natural_Gas_y_lag12,Natural_Gas_y_lag13,Natural_Gas_y_lag14,Natural_Gas_y_lag15,Natural_Gas_y_lag16,Natural_Gas_y_lag17,Natural_Gas_y_lag18,Natural_Gas_y_lag19,Natural_Gas_y_lag2,Natural_Gas_y_lag20,Natural_Gas_y_lag3,Natural_Gas_y_lag4,Natural_Gas_y_lag5,Natural_Gas_y_lag6,Natural_Gas_y_lag7,Natural_Gas_y_lag8,Natural_Gas_y_lag9,PBW_x_lag1,PBW_x_lag10,PBW_x_lag11,PBW_x_lag12,PBW_x_lag13,PBW_x_lag14,PBW_x_lag15,PBW_x_lag16,PBW_x_lag17,PBW_x_lag18,PBW_x_lag19,PBW_x_lag2,PBW_x_lag20,PBW_x_lag3,PBW_x_lag4,PBW_x_lag5,PBW_x_lag6,PBW_x_lag7,PBW_x_lag8,PBW_x_lag9,PBW_y_lag1,PBW_y_lag10,PBW_y_lag11,PBW_y_lag12,PBW_y_lag13,PBW_y_lag14,PBW_y_lag15,PBW_y_lag16,PBW_y_lag17,PBW_y_lag18,PBW_y_lag19,PBW_y_lag2,PBW_y_lag20,PBW_y_lag3,PBW_y_lag4,PBW_y_lag5,PBW_y_lag6,PBW_y_lag7,PBW_y_lag8,PBW_y_lag9,Regime_SegID,S&P_500_x_lag1,S&P_500_x_lag10,S&P_500_x_lag11,S&P_500_x_lag12,S&P_500_x_lag13,S&P_500_x_lag14,S&P_500_x_lag15,S&P_500_x_lag16,S&P_500_x_lag17,S&P_500_x_lag18,S&P_500_x_lag19,S&P_500_x_lag2,S&P_500_x_lag20,S&P_500_x_lag3,S&P_500_x_lag4,S&P_500_x_lag5,S&P_500_x_lag6,S&P_500_x_lag7,S&P_500_x_lag8,S&P_500_x_lag9,S&P_500_y_lag1,S&P_500_y_lag10,S&P_500_y_lag11,S&P_500_y_lag12,S&P_500_y_lag13,S&P_500_y_lag14,S&P_500_y_lag15,S&P_500_y_lag16,S&P_500_y_lag17,S&P_500_y_lag18,S&P_500_y_lag19,S&P_500_y_lag2,S&P_500_y_lag20,S&P_500_y_lag3,S&P_500_y_lag4,S&P_500_y_lag5,S&P_500_y_lag6,S&P_500_y_lag7,S&P_500_y_lag8,S&P_500_y_lag9,Total_Spillover_avg22_lag1,Total_Spillover_avg22_lag10,Total_Spillover_avg22_lag11,Total_Spillover_avg22_lag12,Total_Spillover_avg22_lag13,Total_Spillover_avg22_lag14,Total_Spillover_avg22_lag15,Total_Spillover_avg22_lag16,Total_Spillover_avg22_lag17,Total_Spillover_avg22_lag18,Total_Spillover_avg22_lag19,Total_Spillover_avg22_lag2,Total_Spillover_avg22_lag20,Total_Spillover_avg22_lag3,Total_Spillover_avg22_lag4,Total_Spillover_avg22_lag5,Total_Spillover_avg22_lag6,Total_Spillover_avg22_lag7,Total_Spillover_avg22_lag8,Total_Spillover_avg22_lag9,Total_Spillover_avg5_lag1,Total_Spillover_avg5_lag10,Total_Spillover_avg5_lag11,Total_Spillover_avg5_lag12,Total_Spillover_avg5_lag13,Total_Spillover_avg5_lag14,Total_Spillover_avg5_lag15,Total_Spillover_avg5_lag16,Total_Spillover_avg5_lag17,Total_Spillover_avg5_lag18,Total_Spillover_avg5_lag19,Total_Spillover_avg5_lag2,Total_Spillover_avg5_lag20,Total_Spillover_avg5_lag3,Total_Spillover_avg5_lag4,Total_Spillover_avg5_lag5,Total_Spillover_avg5_lag6,Total_Spillover_avg5_lag7,Total_Spillover_avg5_lag8,Total_Spillover_avg5_lag9,Total_Spillover_chg1_lag1,Total_Spillover_chg1_lag10,Total_Spillover_chg1_lag11,Total_Spillover_chg1_lag12,Total_Spillover_chg1_lag13,Total_Spillover_chg1_lag14,Total_Spillover_chg1_lag15,Total_Spillover_chg1_lag16,Total_Spillover_chg1_lag17,Total_Spillover_chg1_lag18,Total_Spillover_chg1_lag19,Total_Spillover_chg1_lag2,Total_Spillover_chg1_lag20,Total_Spillover_chg1_lag3,Total_Spillover_chg1_lag4,Total_Spillover_chg1_lag5,Total_Spillover_chg1_lag6,Total_Spillover_chg1_lag7,Total_Spillover_chg1_lag8,Total_Spillover_chg1_lag9,Total_Spillover_z20_lag1,Total_Spillover_z20_lag10,Total_Spillover_z20_lag11,Total_Spillover_z20_lag12,Total_Spillover_z20_lag13,Total_Spillover_z20_lag14,Total_Spillover_z20_lag15,Total_Spillover_z20_lag16,Total_Spillover_z20_lag17,Total_Spillover_z20_lag18,Total_Spillover_z20_lag19,Total_Spillover_z20_lag2,Total_Spillover_z20_lag20,Total_Spillover_z20_lag3,Total_Spillover_z20_lag4,Total_Spillover_z20_lag5,Total_Spillover_z20_lag6,Total_Spillover_z20_lag7,Total_Spillover_z20_lag8,Total_Spillover_z20_lag9,Wheat_x_lag1,Wheat_x_lag10,Wheat_x_lag11,Wheat_x_lag12,Wheat_x_lag13,Wheat_x_lag14,Wheat_x_lag15,Wheat_x_lag16,Wheat_x_lag17,Wheat_x_lag18,Wheat_x_lag19,Wheat_x_lag2,Wheat_x_lag20,Wheat_x_lag3,Wheat_x_lag4,Wheat_x_lag5,Wheat_x_lag6,Wheat_x_lag7,Wheat_x_lag8,Wheat_x_lag9,Wheat_y_lag1,Wheat_y_lag10,Wheat_y_lag11,Wheat_y_lag12,Wheat_y_lag13,Wheat_y_lag14,Wheat_y_lag15,Wheat_y_lag16,Wheat_y_lag17,Wheat_y_lag18,Wheat_y_lag19,Wheat_y_lag2,Wheat_y_lag20,Wheat_y_lag3,Wheat_y_lag4,Wheat_y_lag5,Wheat_y_lag6,Wheat_y_lag7,Wheat_y_lag8,Wheat_y_lag9,avg_dcc_avg22_lag1,avg_dcc_avg22_lag10,avg_dcc_avg22_lag11,avg_dcc_avg22_lag12,avg_dcc_avg22_lag13,avg_dcc_avg22_lag14,avg_dcc_avg22_lag15,avg_dcc_avg22_lag16,avg_dcc_avg22_lag17,avg_dcc_avg22_lag18,avg_dcc_avg22_lag19,avg_dcc_avg22_lag2,avg_dcc_avg22_lag20,avg_dcc_avg22_lag3,avg_dcc_avg22_lag4,avg_dcc_avg22_lag5,avg_dcc_avg22_lag6,avg_dcc_avg22_lag7,avg_dcc_avg22_lag8,avg_dcc_avg22_lag9,avg_dcc_avg5_lag1,avg_dcc_avg5_lag10,avg_dcc_avg5_lag11,avg_dcc_avg5_lag12,avg_dcc_avg5_lag13,avg_dcc_avg5_lag14,avg_dcc_avg5_lag15,avg_dcc_avg5_lag16,avg_dcc_avg5_lag17,avg_dcc_avg5_lag18,avg_dcc_avg5_lag19,avg_dcc_avg5_lag2,avg_dcc_avg5_lag20,avg_dcc_avg5_lag3,avg_dcc_avg5_lag4,avg_dcc_avg5_lag5,avg_dcc_avg5_lag6,avg_dcc_avg5_lag7,avg_dcc_avg5_lag8,avg_dcc_avg5_lag9,avg_dcc_chg1_lag1,avg_dcc_chg1_lag10,avg_dcc_chg1_lag11,avg_dcc_chg1_lag12,avg_dcc_chg1_lag13,avg_dcc_chg1_lag14,avg_dcc_chg1_lag15,avg_dcc_chg1_lag16,avg_dcc_chg1_lag17,avg_dcc_chg1_lag18,avg_dcc_chg1_lag19,avg_dcc_chg1_lag2,avg_dcc_chg1_lag20,avg_dcc_chg1_lag3,avg_dcc_chg1_lag4,avg_dcc_chg1_lag5,avg_dcc_chg1_lag6,avg_dcc_chg1_lag7,avg_dcc_chg1_lag8,avg_dcc_chg1_lag9,avg_dcc_lag1,avg_dcc_lag10,avg_dcc_lag11,avg_dcc_lag12,avg_dcc_lag13,avg_dcc_lag14,avg_dcc_lag15,avg_dcc_lag16,avg_dcc_lag17,avg_dcc_lag18,avg_dcc_lag19,avg_dcc_lag2,avg_dcc_lag20,avg_dcc_lag3,avg_dcc_lag4,avg_dcc_lag5,avg_dcc_lag6,avg_dcc_lag7,avg_dcc_lag8,avg_dcc_lag9,avg_dcc_z20_lag1,avg_dcc_z20_lag10,avg_dcc_z20_lag11,avg_dcc_z20_lag12,avg_dcc_z20_lag13,avg_dcc_z20_lag14,avg_dcc_z20_lag15,avg_dcc_z20_lag16,avg_dcc_z20_lag17,avg_dcc_z20_lag18,avg_dcc_z20_lag19,avg_dcc_z20_lag2,avg_dcc_z20_lag20,avg_dcc_z20_lag3,avg_dcc_z20_lag4,avg_dcc_z20_lag5,avg_dcc_z20_lag6,avg_dcc_z20_lag7,avg_dcc_z20_lag8,avg_dcc_z20_lag9
1,0.0,0.0,0.010701323,0.0,0.0,0.0,0.00043869897,0.0012671469,0.005311403,0.0,0.009480252,0.0,0.0,0.0,0.0,0.0,0.0,0.0,0.0,0.0004999888,0.0,0.0,0.0,0.0,0.0,0.0,0.0,0.00020474724,0.0,0.0,0.0006094163,0.0,0.00033267715,0.0,0.0,0.0,0.0,0.0034511217,0.0,0.0,0.023434741,0.0,0.0,0.0,0.0025360717,0.0,0.0,0.0,0.0,0.0,0.0,0.012210738,0.0,0.0,0.0,0.0,0.00021734528,0.0,0.0,0.04231791,0.006637687,0.0,0.0,0.0,0.0012924416,0.0015950362,0.0,0.0,0.00094027113,0.0,0.0,0.0074051856,0.0005416782,0.0,0.0,0.0,0.0012484323,0.0,0.0,0.0014618295,0.0014665932,0.0026170595,0.0,0.0,0.008949807,0.0146528715,0.0071326327,0.002476784,0.0,0.0,0.0,0.0009981855,0.0,0.0,0.0,0.010840014,0.02880256,0.017866138,0.011048936,0.005873565,0.002236991,0.0,0.0,0.0,0.0,0.0,0.0002728365,0.0044625346,0.0,0.0,0.0057267197,0.0,0.0025598132,0.00054562354,0.0,0.0,0.00024808064,0.0,0.0008170424,0.0,0.0,0.0,0.0,0.0,0.0,0.0,0.0,0.0,0.0,0.0,0.0,0.0,0.0,0.0,0.0,0.0,0.0,0.0,0.0014986255,0.0,0.004233664,0.0005015087,0.0,0.0,0.0,0.0,0.0,0.00018052552,0.0,0.0,0.0016049843,0.0,0.0,0.0,0.0008616589,0.0,0.0,0.0,0.0,0.0,0.0,0.0,0.0,0.0,0.0,0.0,0.0,0.0,0.0,0.0,0.0,0.0009116567,0.002987241,0.0,0.0001313203,0.0010956313,0.0,0.0,0.0,0.0,0.0012930798,0.0,0.0,0.0,0.0,0.0010106416,0.0012874657,0.0,0.0,0.0,0.0010436975,0.0,0.0,0.0,0.0,0.0,0.0,0.0,0.0044456073,0.0,0.0,0.00027363622,0.0,0.0,0.009713832,0.030325929,0.079899855,0.009850191,0.0,0.0,0.0,0.0,0.00031373833,0.0,0.010251396,0.009305269,0.00031455423,0.0,0.0,0.0,0.0045166737,0.0,0.0,0.0007212923,0.0,0.0,0.0,0.0,0.0,0.0,0.0,0.0,0.000441644,0.0,0.0,0.0014113293,0.0023310732,0.0,0.0,0.0,0.00046454754,0.0,0.0,0.0,0.0,0.0,0.0,0.0,0.0,0.0,0.0,0.0,0.0,0.0,0.0,0.0,0.0,0.0,0.0,0.0,0.0,0.0,0.0,0.0,0.0,0.0,0.0,0.0,0.00082058384,0.0,0.0,0.0,0.0,0.0,0.0,0.0,0.0,0.0,0.0,0.007045776,0.0,0.011437499,0.0,0.0,0.0,0.0,0.0,0.0,0.0,0.0,0.00033358537,0.0,0.013144576,0.0,0.0,0.0,0.0,0.0,0.0,0.0,0.0,0.008554758,0.00047556797,0.0,0.0,0.0,0.0030439,0.0,0.0,0.0008701778,0.0,0.0,0.0,0.0,0.0,0.0,0.0,0.0,0.0,0.0,0.0,0.0,0.0,0.0,0.0,0.0,0.0,0.0,0.0,0.0,0.0,0.0,0.0,0.0,0.0,0.0011430356,0.0,0.0,0.0,0.0,0.0,0.0,0.0,0.0,0.0,0.0,0.0,0.0,0.0,0.0,0.00040327254,0.0,0.0,0.0079547865,0.0008031312,0.0,0.003134056,0.0,0.0,0.0006770586,0.0,0.0004243332,0.0,0.0,0.0,0.0,0.0,0.00089900475,0.0012454012,0.0011174362,0.0008554908,0.00074588595,0.0,0.004190213,0.0,0.0,0.0,0.0,0.0,0.0,0.0,0.0,0.001968958,0.0,0.0,0.0,0.0,0.0,0.0,0.0,0.0,0.0026037714,0.0,0.0015846299,0.0,0.004843935,0.0013708958,0.0,0.0,0.0,0.0,0.0,0.0,0.0,0.0038144197,0.0,0.0,0.0,0.00030815546,0.0,0.0,0.0,0.0,0.0,0.0,0.00028040423,0.0,0.0,0.0,0.0,0.0,0.0,0.00041717166,0.0,0.0,0.0,0.0,0.0038379712,0.0,0.0,0.0,0.0,0.0,0.0,0.0,0.0,0.0,0.0,0.0,0.0009449653,0.0005249365,0.0,0.0,0.0002875369,0.0,0.0014607095,0.0,0.0,0.003635777,0.0005767466,0.0,0.0,0.0,0.0,0.0,0.0,0.0,0.0,0.0,0.0,0.00047128162
2,0.0,0.0,0.0013872175,0.0,0.0,0.0,0.0016088234,0.0016099603,0.0067193178,0.0,0.008365365,0.0,0.0,0.0,0.0,0.0,0.0,0.0,0.0,0.00049998873,0.0,0.0,0.0,0.0,0.0,0.0,0.0,0.00020843816,0.0,0.0,0.001433948,0.0,0.0007126732,0.0,0.0,0.0,0.0,0.0022452855,0.0,0.0,0.0024073124,0.0,0.0,0.0,0.0017789422,0.0,0.0,0.0,0.0,0.0,0.0,0.0033131086,0.0,0.0,0.0,0.0,0.00049479643,0.0,0.0,0.008133728,0.0020596148,0.0,0.0,0.0,0.00047189923,0.0018587536,0.0,0.0,0.0003652815,0.0,0.0,0.0022539794,0.0028862436,0.0,0.0,0.0,0.00086905755,0.0,0.0,0.0006246477,0.0018413676,0.0013021897,0.0,0.0,0.037536394,0.035403844,0.021680824,0.013211515,0.0,0.0,0.0,0.0011798666,0.0,0.0,0.0,0.03591327,0.055469446,0.02350037,0.022001203,0.0077562565,0.002107327,0.0,0.0,0.0,0.0,0.0,0.00021726901,0.00089777674,0.0,0.0,0.0063672797,0.0,0.009325694,0.0006044892,0.0,0.0,0.0005473523,0.0,0.0037214677,0.0,0.0,0.0,0.0,0.0,0.0,0.0,0.0,0.0,0.0,0.0,0.0,0.0,0.0,0.0,0.0,0.0,0.0,0.0,0.0057747876,0.0,0.00051767344,0.00037902978,0.0,0.0,0.0,0.0,0.0,0.00034747052,0.0,0.0,0.005284727,0.0,0.0,0.0,0.0024933766,0.0,0.0,0.0,0.0,0.0,0.0,0.0,0.0,0.0,0.0,0.0,0.0,0.0,0.0,0.0,0.0,0.002758692,0.0016637583,0.0,0.00034278023,0.006645559,0.0,0.0,0.0,0.0,0.0041382182,0.0,0.0,0.0,0.0,0.0017518515,0.0010084134,0.0,0.0,0.0,0.0006237462,0.0,0.0,0.0,0.0,0.0,0.0,0.0,0.0030532058,0.0,0.0,0.00019843777,0.0,0.0,0.0071834335,0.018058056,0.040747426,0.0026267057,0.0,0.0,0.0,0.0,0.00031373827,0.0,0.005183921,0.0032457935,0.00031455423,0.0,0.0,0.0,0.005257989,0.0,0.0,0.0036300884,0.0,0.0,0.0,0.0,0.0,0.0,0.0,0.0,0.00048302612,0.0,0.0,0.0007490158,0.0009523823,0.0,0.0,0.0,0.00063007395,0.0,0.0,0.0,0.0,0.0,0.0,0.0,0.0,0.0,0.0,0.0,0.0,0.0,0.0,0.0,0.0,0.0,0.0,0.0,0.0,0.0,0.0,0.0,0.0,0.0,0.0,0.0,0.00082058285,0.0,0.0,0.0,0.0,0.0,0.0,0.0,0.0,0.0,0.0,0.0069656125,0.0,0.015402423,0.0,0.0,0.0,0.0,0.0,0.0,0.0,0.0,0.00035565227,0.0,0.010065857,0.0,0.0,0.0,0.0,0.0,0.0,0.0,0.0,0.016256118,0.00026020873,0.0,0.0,0.0,0.006245097,0.0,0.0,0.0008101727,0.0,0.0,0.0,0.0,0.0,0.0,0.0,0.0,0.0,0.0,0.0,0.0,0.0,0.0,0.0,0.0,0.0,0.0,0.0,0.0,0.0,0.0,0.0,0.0,0.0,0.0012603152,0.0,0.0,0.0,0.0,0.0,0.0,0.0,0.0,0.0,0.0,0.0,0.0,0.0,0.0,0.0012043902,0.0,0.0,0.004343642,0.006532345,0.0,0.00214832,0.0,0.0,0.001571525,0.0,0.0003052347,0.0,0.0,0.0,0.0,0.0,0.0057584075,0.01197416,0.00044800973,0.0008623539,0.00064921536,0.0,0.013366826,0.0,0.0,0.0,0.0,0.0,0.0,0.0,0.0,0.0016326191,0.0,0.0,0.0,0.0,0.0,0.0,0.0,0.0,0.0021007888,0.0,0.0032238474,0.0,0.0006578628,0.005503636,0.0,0.0,0.0,0.0,0.0,0.0,0.0,0.0026516865,0.0,0.0,0.0,0.00027957174,0.0,0.0,0.0,0.0,0.0,0.0,0.00024765873,0.0,0.0,0.0,0.0,0.0,0.0,0.0018555468,0.0,0.0,0.0,0.0,0.002205276,0.0,0.0,0.0,0.0,0.0,0.0,0.0,0.0,0.0,0.0,0.0,0.0037725281,0.0026799738,0.0,0.0,0.00017980431,0.0,0.00023628696,0.0,0.0,0.00064531463,0.0011622229,0.0,0.0,0.0,0.0,0.0,0.0,0.0,0.0,0.0,0.0,0.0033567366
3,0.0,0.0,0.008830843,0.0,0.0,0.0,0.0024860413,0.0027577512,0.004176468,0.0,0.0050455905,0.0,0.0,0.0,0.0,0.0,0.0,0.0,0.0,0.0012147153,0.0,0.0,0.0,0.0,0.0,0.0,0.0,0.00024455486,0.0,0.0,0.0017642133,0.0,0.0011329855,0.0,0.0,0.0,0.0,0.00077066035,0.0,0.0,0.03256028,0.0,0.0,0.0,0.001642089,0.0,0.0,0.0,0.0,0.0,0.0,0.020646533,0.0,0.0,0.0,0.0,0.0011411246,0.0,0.0,0.01667122,0.0035732752,0.0,0.0,0.0,0.0009846139,0.002237339,0.0,0.0,0.0010138309,0.0,0.0,0.004721061,0.0020620457,0.0,0.0,0.0,0.0017633,0.0,0.0,0.0008236797,0.0035828878,0.0024863237,0.0,0.0,0.021754188,0.029984608,0.022028642,0.004156248,0.0,0.0,0.0,0.002294565,0.0,0.0,0.0,0.025211634,0.043346178,0.023295468,0.014135232,0.007324552,0.008423122,0.0,0.0,0.0,0.0,0.0,0.00011019838,0.0066262395,0.0,0.0,0.0051916363,0.0,0.007957144,0.0005152913,0.0,0.0,0.00063438906,0.0,0.0050076954,0.0,0.0,0.0,0.0,0.0,0.0,0.0,0.0,0.0,0.0,0.0,0.0,0.0,0.0,0.0,0.0,0.0,0.0,0.0,0.0077264695,0.0,0.0034565942,0.0011968289,0.0,0.0,0.0,0.0,0.0,0.000924373,0.0,0.0,0.004477649,0.0,0.0,0.0,0.0022698923,0.0,0.0,0.0,0.0,0.0,0.0,0.0,0.0,0.0,0.0,0.0,0.0,0.0,0.0,0.0,0.0,0.004262665,0.0022329455,0.0,0.00035709093,0.0049143033,0.0,0.0,0.0,0.0,0.0073771104,0.0,0.0,0.0,0.0,0.0036623487,0.0013602716,0.0,0.0,0.0,0.00097127253,0.0,0.0,0.0,0.0,0.0,0.0,0.0,0.00089911494,0.0,0.0,0.0002977134,0.0,0.0,0.0027914913,0.0073386473,0.015019341,0.0013016124,0.0,0.0,0.0,0.0,0.00069622265,0.0,0.013267015,0.009961434,0.00085969816,0.0,0.0,0.0,0.0066138897,0.0,0.0,0.0014144491,0.0,0.0,0.0,0.0,0.0,0.0,0.0,0.0,0.0004052366,0.0,0.0,0.0012393631,0.0015763778,0.0,0.0,0.0,0.0015169119,0.0,0.0,0.0,0.0,0.0,0.0,0.0,0.0,0.0,0.0,0.0,0.0,0.0,0.0,0.0,0.0,0.0,0.0,0.0,0.0,0.0,0.0,0.0,0.0,0.0,0.0,0.0,0.0035072374,0.0,0.0,0.0,0.0,0.0,0.0,0.0,0.0,0.0,0.0,0.020634653,0.0,0.015107661,0.0,0.0,0.0,0.0,0.0,0.0,0.0,0.0,0.00034193206,0.0,0.016408877,0.0,0.0,0.0,0.0,0.0,0.0,0.0,0.0,0.027261268,0.00060737826,0.0,0.0,0.0,0.003578342,0.0,0.0,0.0017450697,0.0,0.0,0.0,0.0,0.0,0.0,0.0,0.0,0.0,0.0,0.0,0.0,0.0,0.0,0.0,0.0,0.0,0.0,0.0,0.0,0.0,0.0,0.0,0.0,0.0,0.0009527931,0.0,0.0,0.0,0.0,0.0,0.0,0.0,0.0,0.0,0.0,0.0,0.0,0.0,0.0,0.0017865491,0.0,0.0,0.0044183074,0.0011041318,0.0,0.0040012975,0.0,0.0,0.0013905965,0.0,0.0016504135,0.0,0.0,0.0,0.0,0.0,0.003383498,0.005052952,0.0005678015,0.0010953834,0.0007189092,0.0,0.012345017,0.0,0.0,0.0,0.0,0.0,0.0,0.0,0.0,0.00083764596,0.0,0.0,0.0,0.0,0.0,0.0,0.0,0.0,0.0019124923,0.0,0.00481012,0.0,0.0007422392,0.004554902,0.0,0.0,0.0,0.0,0.0,0.0,0.0,0.00083423953,0.0,0.0,0.0,0.00028546763,0.0,0.0,0.0,0.0,0.0,0.0,0.00055488636,0.0,0.0,0.0,0.0,0.0,0.0,0.0017550999,0.0,0.0,0.0,0.0,0.00081133895,0.0,0.0,0.0,0.0,0.0,0.0,0.0,0.0,0.0,0.0,0.0,0.0042599174,0.0023222684,0.0,0.0,0.00020001589,0.0,0.0007192352,0.0,0.0,0.0016248851,0.0019918894,0.0,0.0,0.0,0.0,0.0,0.0,0.0,0.0,0.0,0.0,0.0018964048
4,0.0,0.0,0.020455457,0.0,0.0,0.0,0.00064837135,0.0017073569,0.0043588323,0.0,0.0033499794,0.0,0.0,0.0,0.0,0.0,0.0,0.0,0.0,0.000499989,0.0,0.0,0.0,0.0,0.0,0.0,0.0,0.00021691834,0.0,0.0,0.00078441453,0.0,0.00032459936,0.0,0.0,0.0,0.0,0.00067138235,0.0,0.0,0.0055017606,0.0,0.0,0.0,0.003798006,0.0,0.0,0.0,0.0,0.0,0.0,0.005120251,0.0,0.0,0.0,0.0,0.00022616888,0.0,0.0,0.018674152,0.005430836,0.0,0.0,0.0,0.0011466694,0.0023340783,0.0,0.0,0.0017049693,0.0,0.0,0.0064934804,0.00051889895,0.0,0.0,0.0,0.0016400375,0.0,0.0,0.0015775663,0.0014543831,0.0032808594,0.0,0.0,0.00986002,0.0123851085,0.005586515,0.0033965062,0.0,0.0,0.0,0.000992784,0.0,0.0,0.0,0.015887711,0.024073394,0.01787966,0.009822141,0.006072832,0.0022369912,0.0,0.0,0.0,0.0,0.0,0.00030263432,0.0018551436,0.0,0.0,0.0062678102,0.0,0.0026363498,0.0004908383,0.0,0.0,0.00024808053,0.0,0.0008198495,0.0,0.0,0.0,0.0,0.0,0.0,0.0,0.0,0.0,0.0,0.0,0.0,0.0,0.0,0.0,0.0,0.0,0.0,0.0,0.0009809553,0.0,0.008200382,0.0005375018,0.0,0.0,0.0,0.0,0.0,0.00019160079,0.0,0.0,0.0016677036,0.0,0.0,0.0,0.0010037096,0.0,0.0,0.0,0.0,0.0,0.0,0.0,0.0,0.0,0.0,0.0,0.0,0.0,0.0,0.0,0.0,0.0008242216,0.0054588313,0.0,0.00015214387,0.0014157732,0.0,0.0,0.0,0.0,0.0015219063,0.0,0.0,0.0,0.0,0.0012139535,0.0014876762,0.0,0.0,0.0,0.00090007106,0.0,0.0,0.0,0.0,0.0,0.0,0.0,0.00054354244,0.0,0.0,0.0007168915,0.0,0.0,0.0023047973,0.006314483,0.013437875,0.0017060033,0.0,0.0,0.0,0.0,0.0003137379,0.0,0.0067328834,0.0062945047,0.00031455467,0.0,0.0,0.0,0.0014588347,0.0,0.0,0.000963588,0.0,0.0,0.0,0.0,0.0,0.0,0.0,0.0,0.0004014022,0.0,0.0,0.0012469111,0.0016215494,0.0,0.0,0.0,0.00044993727,0.0,0.0,0.0,0.0,0.0,0.0,0.0,0.0,0.0,0.0,0.0,0.0,0.0,0.0,0.0,0.0,0.0,0.0,0.0,0.0,0.0,0.0,0.0,0.0,0.0,0.0,0.0,0.0008205841,0.0,0.0,0.0,0.0,0.0,0.0,0.0,0.0,0.0,0.0,0.0068082944,0.0,0.012466089,0.0,0.0,0.0,0.0,0.0,0.0,0.0,0.0,0.00034454282,0.0,0.016288625,0.0,0.0,0.0,0.0,0.0,0.0,0.0,0.0,0.00823082,0.0007788372,0.0,0.0,0.0,0.0011511268,0.0,0.0,0.0038945097,0.0,0.0,0.0,0.0,0.0,0.0,0.0,0.0,0.0,0.0,0.0,0.0,0.0,0.0,0.0,0.0,0.0,0.0,0.0,0.0,0.0,0.0,0.0,0.0,0.0,0.0009292898,0.0,0.0,0.0,0.0,0.0,0.0,0.0,0.0,0.0,0.0,0.0,0.0,0.0,0.0,0.00043714297,0.0,0.0,0.007896909,0.0011768746,0.0,0.0039350237,0.0,0.0,0.0006703032,0.0,0.0005651741,0.0,0.0,0.0,0.0,0.0,0.0013388199,0.0026467254,0.0037955942,0.0049921223,0.0043267873,0.0,0.003900147,0.0,0.0,0.0,0.0,0.0,0.0,0.0,0.0,0.0021793938,0.0,0.0,0.0,0.0,0.0,0.0,0.0,0.0,0.005141369,0.0,0.0011750808,0.0,0.00035066792,0.0014153883,0.0,0.0,0.0,0.0,0.0,0.0,0.0,0.0005040058,0.0,0.0,0.0,0.0017282764,0.0,0.0,0.0,0.0,0.0,0.0,0.00021191564,0.0,0.0,0.0,0.0,0.0,0.0,0.00059989153,0.0,0.0,0.0,0.0,0.0005560492,0.0,0.0,0.0,0.0,0.0,0.0,0.0,0.0,0.0,0.0,0.0,0.0011177646,0.00087237096,0.0,0.0,0.0003213675,0.0,0.0006782085,0.0,0.0,0.0010520285,0.00068898837,0.0,0.0,0.0,0.0,0.0,0.0,0.0,0.0,0.0,0.0,0.00060842326
5,0.0,0.0,0.023673803,0.0,0.0,0.0,0.00071034295,0.0018370161,0.0038155927,0.0,0.0031894245,0.0,0.0,0.0,0.0,0.0,0.0,0.0,0.0,0.0014060284,0.0,0.0,0.0,0.0,0.0,0.0,0.0,0.00025346727,0.0,0.0,0.000834856,0.0,0.0002909704,0.0,0.0,0.0,0.0,0.00093065324,0.0,0.0,0.007642695,0.0,0.0,0.0,0.0026090886,0.0,0.0,0.0,0.0,0.0,0.0,0.009267035,0.0,0.0,0.0,0.0,0.00021054594,0.0,0.0,0.021164842,0.005626897,0.0,0.0,0.0,0.0011624844,0.002279346,0.0,0.0,0.00091154285,0.0,0.0,0.0063373246,0.00047452826,0.0,0.0,0.0,0.0011850738,0.0,0.0,0.0016232559,0.0032820113,0.002358133,0.0,0.0,0.009189602,0.011399448,0.0063433587,0.0016115701,0.0,0.0,0.0,0.0023094886,0.0,0.0,0.0,0.01738636,0.025169298,0.01216587,0.009346836,0.0058057588,0.0022369905,0.0,0.0,0.0,0.0,0.0,0.00043788424,0.0034222042,0.0,0.0,0.0062188795,0.0,0.002315262,0.0005461693,0.0,0.0,0.0002480808,0.0,0.0008170421,0.0,0.0,0.0,0.0,0.0,0.0,0.0,0.0,0.0,0.0,0.0,0.0,0.0,0.0,0.0,0.0,0.0,0.0,0.0,0.0014824957,0.0,0.009524285,0.00096239994,0.0,0.0,0.0,0.0,0.0,0.00020164586,0.0,0.0,0.0014620388,0.0,0.0,0.0,0.0008133249,0.0,0.0,0.0,0.0,0.0,0.0,0.0,0.0,0.0,0.0,0.0,0.0,0.0,0.0,0.0,0.0,0.0010165953,0.00044764776,0.0,0.00016069681,0.0010152251,0.0,0.0,0.0,0.0,0.0014418169,0.0,0.0,0.0,0.0,0.0034681223,0.002218132,0.0,0.0,0.0,0.00092632155,0.0,0.0,0.0,0.0,0.0,0.0,0.0,0.0006357634,0.0,0.0,0.0002736364,0.0,0.0,0.0039417204,0.007650461,0.015397364,0.001972041,0.0,0.0,0.0,0.0,0.00079860596,0.0,0.011272897,0.0108723985,0.0007625562,0.0,0.0,0.0,0.0014067187,0.0,0.0,0.00061134546,0.0,0.0,0.0,0.0,0.0,0.0,0.0,0.0,0.00045508446,0.0,0.0,0.0012585792,0.0016604679,0.0,0.0,0.0,0.00054995477,0.0,0.0,0.0,0.0,0.0,0.0,0.0,0.0,0.0,0.0,0.0,0.0,0.0,0.0,0.0,0.0,0.0,0.0,0.0,0.0,0.0,0.0,0.0,0.0,0.0,0.0,0.0,0.00081218506,0.0,0.0,0.0,0.0,0.0,0.0,0.0,0.0,0.0,0.0,0.0066477954,0.0,0.013001227,0.0,0.0,0.0,0.0,0.0,0.0,0.0,0.0,0.000359413,0.0,0.013376107,0.0,0.0,0.0,0.0,0.0,0.0,0.0,0.0,0.018743822,0.00047258745,0.0,0.0,0.0,0.0009736816,0.0,0.0,0.0015774193,0.0,0.0,0.0,0.0,0.0,0.0,0.0,0.0,0.0,0.0,0.0,0.0,0.0,0.0,0.0,0.0,0.0,0.0,0.0,0.0,0.0,0.0,0.0,0.0,0.0,0.0011225204,0.0,0.0,0.0,0.0,0.0,0.0,0.0,0.0,0.0,0.0,0.0,0.0,0.0,0.0,0.00040327248,0.0,0.0,0.0081669055,0.0011772644,0.0,0.0028138952,0.0,0.0,0.0006447285,0.0,0.00037511057,0.0,0.0,0.0,0.0,0.0,0.0013145606,0.002661805,0.0013894775,0.001257344,0.00091957254,0.0,0.003538112,0.0,0.0,0.0,0.0,0.0,0.0,0.0,0.0,0.003141672,0.0,0.0,0.0,0.0,0.0,0.0,0.0,0.0,0.005888293,0.0,0.00089533586,0.0,0.00036541006,0.0012378757,0.0,0.0,0.0,0.0,0.0,0.0,0.0,0.0006806945,0.0,0.0,0.0,0.0003065619,0.0,0.0,0.0,0.0,0.0,0.0,0.00018169083,0.0,0.0,0.0,0.0,0.0,0.0,0.00053178956,0.0,0.0,0.0,0.0,0.0006666735,0.0,0.0,0.0,0.0,0.0,0.0,0.0,0.0,0.0,0.0,0.0,0.00079728034,0.0008567575,0.0,0.0,0.0002889305,0.0,0.0005415611,0.0,0.0,0.0012136294,0.00076627464,0.0,0.0,0.0,0.0,0.0,0.0,0.0,0.0,0.0,0.0,0.0004672633
6,0.0,0.0,0.02367379,0.0,0.0,0.0,0.00066479004,0.0020450016,0.003840191,0.0,0.002967704,0.0,0.0,0.0,0.0,0.0,0.0,0.0,0.0,0.0010387129,0.0,0.0,0.0,0.0,0.0,0.0,0.0,0.00020412795,0.0,0.0,0.00062978786,0.0,0.00028619647,0.0,0.0,0.0,0.0,0.00053961895,0.0,0.0,0.003061663,0.0,0.0,0.0,0.004291294,0.0,0.0,0.0,0.0,0.0,0.0,0.0027696434,0.0,0.0,0.0,0.0,0.00022108186,0.0,0.0,0.0020429494,0.0054946747,0.0,0.0,0.0,0.0011624844,0.0023125445,0.0,0.0,0.001240384,0.0,0.0,0.0071724304,0.0004795284,0.0,0.0,0.0,0.0013495721,0.0,0.0,0.0015954964,0.0025369187,0.0028051022,0.0,0.0,0.008646896,0.010396913,0.006333138,0.002664816,0.0,0.0,0.0,0.0017756916,0.0,0.0,0.0,0.015582856,0.024307728,0.016105998,0.00991113,0.006015892,0.0022369912,0.0,0.0,0.0,0.0,0.0,0.00014501858,0.0008923044,0.0,0.0,0.0062490953,0.0,0.0025678906,0.00054489647,0.0,0.0,0.00024808053,0.0,0.0008170431,0.0,0.0,0.0,0.0,0.0,0.0,0.0,0.0,0.0,0.0,0.0,0.0,0.0,0.0,0.0,0.0,0.0,0.0,0.0,0.0014242332,0.0,0.009524282,0.0005849134,0.0,0.0,0.0,0.0,0.0,0.00020300562,0.0,0.0,0.0015769674,0.0,0.0,0.0,0.00096311694,0.0,0.0,0.0,0.0,0.0,0.0,0.0,0.0,0.0,0.0,0.0,0.0,0.0,0.0,0.0,0.0,0.00075979927,0.0038966106,0.0,0.00013397014,0.001125986,0.0,0.0,0.0,0.0,0.0015596906,0.0,0.0,0.0,0.0,0.006307855,0.0047345017,0.0,0.0,0.0,0.0008998185,0.0,0.0,0.0,0.0,0.0,0.0,0.0,0.0005402376,0.0,0.0,0.00080050924,0.0,0.0,0.0020165383,0.0061460175,0.01299955,0.0017248438,0.0,0.0,0.0,0.0,0.00060203654,0.0,0.0072095864,0.0041461564,0.0005809353,0.0,0.0,0.0,0.0013109997,0.0,0.0,0.00079703674,0.0,0.0,0.0,0.0,0.0,0.0,0.0,0.0,0.0004309987,0.0,0.0,0.0012585802,0.0016342219,0.0,0.0,0.0,0.00043316276,0.0,0.0,0.0,0.0,0.0,0.0,0.0,0.0,0.0,0.0,0.0,0.0,0.0,0.0,0.0,0.0,0.0,0.0,0.0,0.0,0.0,0.0,0.0,0.0,0.0,0.0,0.0,0.00081559026,0.0,0.0,0.0,0.0,0.0,0.0,0.0,0.0,0.0,0.0,0.0066640913,0.0,0.014975935,0.0,0.0,0.0,0.0,0.0,0.0,0.0,0.0,0.00035559153,0.0,0.014744465,0.0,0.0,0.0,0.0,0.0,0.0,0.0,0.0,0.014481253,0.00059430185,0.0,0.0,0.0,0.00079399784,0.0,0.0,0.0039039645,0.0,0.0,0.0,0.0,0.0,0.0,0.0,0.0,0.0,0.0,0.0,0.0,0.0,0.0,0.0,0.0,0.0,0.0,0.0,0.0,0.0,0.0,0.0,0.0,0.0,0.0010235955,0.0,0.0,0.0,0.0,0.0,0.0,0.0,0.0,0.0,0.0,0.0,0.0,0.0,0.0,0.00040327283,0.0,0.0,0.0079404665,0.0011868792,0.0,0.0033782406,0.0,0.0,0.0006781265,0.0,0.00045719484,0.0,0.0,0.0,0.0,0.0,0.0011644255,0.0021299906,0.0011055218,0.0013225514,0.0008844243,0.0,0.003641742,0.0,0.0,0.0,0.0,0.0,0.0,0.0,0.0,0.0010966084,0.0,0.0,0.0,0.0,0.0,0.0,0.0,0.0,0.0028001543,0.0,0.00095530826,0.0,0.00027604765,0.0012633716,0.0,0.0,0.0,0.0,0.0,0.0,0.0,0.00046268033,0.0,0.0,0.0,0.0003113057,0.0,0.0,0.0,0.0,0.0,0.0,0.00018760649,0.0,0.0,0.0,0.0,0.0,0.0,0.00044943226,0.0,0.0,0.0,0.0,0.000547897,0.0,0.0,0.0,0.0,0.0,0.0,0.0,0.0,0.0,0.0,0.0,0.0007218999,0.00068994274,0.0,0.0,0.0003459043,0.0,0.0010973932,0.0,0.0,0.0014861004,0.0007701128,0.0,0.0,0.0,0.0,0.0,0.0,0.0,0.0,0.0,0.0,0.00056844676
7,0.0,0.0,0.024297928,0.0,0.0,0.0,0.000682719,0.002537676,0.0038762665,0.0,0.0028773623,0.0,0.0,0.0,0.0,0.0,0.0,0.0,0.0,0.0004999887,0.0,0.0,0.0,0.0,0.0,0.0,0.0,0.00028393674,0.0,0.0,0.0012298562,0.0,0.0005517114,0.0,0.0,0.0,0.0,0.00053518184,0.0,0.0,0.048155747,0.0,0.0,0.0,0.0026970597,0.0,0.0,0.0,0.0,0.0,0.0,0.024642097,0.0,0.0,0.0,0.0,0.00045433597,0.0,0.0,0.019059408,0.0066900495,0.0,0.0,0.0,0.0011358871,0.0023340776,0.0,0.0,0.0010693053,0.0,0.0,0.0067490567,0.000475403,0.0,0.0,0.0,0.001683083,0.0,0.0,0.0016267677,0.0014441091,0.0028555535,0.0,0.0,0.0072337,0.01059611,0.0069608595,0.0032856914,0.0,0.0,0.0,0.0009927847,0.0,0.0,0.0,0.017011488,0.026053423,0.020121934,0.008339341,0.005805759,0.0022369907,0.0,0.0,0.0,0.0,0.0,0.0004239127,0.009148741,0.0,0.0,0.004846531,0.0,0.0023152628,0.0005156283,0.0,0.0,0.0002480807,0.0,0.000817042,0.0,0.0,0.0,0.0,0.0,0.0,0.0,0.0,0.0,0.0,0.0,0.0,0.0,0.0,0.0,0.0,0.0,0.0,0.0,0.0017394464,0.0,0.009524285,0.0016326433,0.0,0.0,0.0,0.0,0.0,0.00023913225,0.0,0.0,0.0014719815,0.0,0.0,0.0,0.00081332476,0.0,0.0,0.0,0.0,0.0,0.0,0.0,0.0,0.0,0.0,0.0,0.0,0.0,0.0,0.0,0.0,0.0007083311,0.0061743073,0.0,0.00022378507,0.0012539128,0.0,0.0,0.0,0.0,0.0055401856,0.0,0.0,0.0,0.0,0.004229003,0.0022283082,0.0,0.0,0.0,0.001186436,0.0,0.0,0.0,0.0,0.0,0.0,0.0,0.00054354256,0.0,0.0,0.0002736363,0.0,0.0,0.0020481276,0.0061581396,0.013612064,0.0017638656,0.0,0.0,0.0,0.0,0.0003137383,0.0,0.014951137,0.015339453,0.00042133708,0.0,0.0,0.0,0.0018140525,0.0,0.0,0.0009468731,0.0,0.0,0.0,0.0,0.0,0.0,0.0,0.0,0.0006546858,0.0,0.0,0.0015379661,0.0023273334,0.0,0.0,0.0,0.0011645682,0.0,0.0,0.0,0.0,0.0,0.0,0.0,0.0,0.0,0.0,0.0,0.0,0.0,0.0,0.0,0.0,0.0,0.0,0.0,0.0,0.0,0.0,0.0,0.0,0.0,0.0,0.0,0.0008205837,0.0,0.0,0.0,0.0,0.0,0.0,0.0,0.0,0.0,0.0,0.006687975,0.0,0.01324584,0.0,0.0,0.0,0.0,0.0,0.0,0.0,0.0,0.00034001115,0.0,0.017180337,0.0,0.0,0.0,0.0,0.0,0.0,0.0,0.0,0.008780777,0.00051852164,0.0,0.0,0.0,0.0011805143,0.0,0.0,0.0015154883,0.0,0.0,0.0,0.0,0.0,0.0,0.0,0.0,0.0,0.0,0.0,0.0,0.0,0.0,0.0,0.0,0.0,0.0,0.0,0.0,0.0,0.0,0.0,0.0,0.0,0.0010748237,0.0,0.0,0.0,0.0,0.0,0.0,0.0,0.0,0.0,0.0,0.0,0.0,0.0,0.0,0.00050844735,0.0,0.0,0.008052162,0.00118688,0.0,0.0034057228,0.0,0.0,0.0006447285,0.0,0.0004550387,0.0,0.0,0.0,0.0,0.0,0.0012115017,0.0022041185,0.0039192447,0.0050117625,0.0031135017,0.0,0.0031288862,0.0,0.0,0.0,0.0,0.0,0.0,0.0,0.0,0.0029776802,0.0,0.0,0.0,0.0,0.0,0.0,0.0,0.0,0.005134705,0.0,0.0010329849,0.0,0.00043845313,0.0012727525,0.0,0.0,0.0,0.0,0.0,0.0,0.0,0.0004792211,0.0,0.0,0.0,0.0013469972,0.0,0.0,0.0,0.0,0.0,0.0,0.00023964913,0.0,0.0,0.0,0.0,0.0,0.0,0.00047257254,0.0,0.0,0.0,0.0,0.0005430858,0.0,0.0,0.0,0.0,0.0,0.0,0.0,0.0,0.0,0.0,0.0,0.0008304841,0.0007721706,0.0,0.0,0.00029024325,0.0,0.001366022,0.0,0.0,0.0018436419,0.00087211694,0.0,0.0,0.0,0.0,0.0,0.0,0.0,0.0,0.0,0.0,0.000495915
8,0.0,0.0,0.019668492,0.0,0.0,0.0,0.0006015101,0.0035538706,0.0038200617,0.0,0.00629755,0.0,0.0,0.0,0.0,0.0,0.0,0.0,0.0,0.0026055798,0.0,0.0,0.0,0.0,0.0,0.0,0.0,0.00022259103,0.0,0.0,0.0006726498,0.0,0.0004098911,0.0,0.0,0.0,0.0,0.0032820029,0.0,0.0,0.009540587,0.0,0.0,0.0,0.0026090886,0.0,0.0,0.0,0.0,0.0,0.0,0.005190644,0.0,0.0,0.0,0.0,0.00034102512,0.0,0.0,0.01670624,0.0056268964,0.0,0.0,0.0,0.0011624844,0.0017334715,0.0,0.0,0.002018472,0.0,0.0,0.0052492474,0.00048724038,0.0,0.0,0.0,0.0016013955,0.0,0.0,0.0015257114,0.0057152784,0.0033633183,0.0,0.0,0.009523132,0.01202678,0.006581039,0.0055988436,0.0,0.0,0.0,0.0040527238,0.0,0.0,0.0,0.015775101,0.027451985,0.02778144,0.0110271815,0.0058057588,0.0022369907,0.0,0.0,0.0,0.0,0.0,0.00015742907,0.0017229582,0.0,0.0,0.0059089237,0.0,0.0023152626,0.00051003735,0.0,0.0,0.00024808076,0.0,0.0008170421,0.0,0.0,0.0,0.0,0.0,0.0,0.0,0.0,0.0,0.0,0.0,0.0,0.0,0.0,0.0,0.0,0.0,0.0,0.0,0.0013771286,0.0,0.007890781,0.00065052934,0.0,0.0,0.0,0.0,0.0,0.00018602046,0.0,0.0,0.0014488753,0.0,0.0,0.0,0.0008133248,0.0,0.0,0.0,0.0,0.0,0.0,0.0,0.0,0.0,0.0,0.0,0.0,0.0,0.0,0.0,0.0,0.00036045138,0.012769133,0.0,0.00015288065,0.0014509464,0.0,0.0,0.0,0.0,0.0019851797,0.0,0.0,0.0,0.0,0.000856564,0.0012296962,0.0,0.0,0.0,0.0010787258,0.0,0.0,0.0,0.0,0.0,0.0,0.0,0.0032574225,0.0,0.0,0.0013032636,0.0,0.0,0.010844417,0.029431175,0.06855797,0.007375813,0.0,0.0,0.0,0.0,0.0014405426,0.0,0.0064705354,0.007454338,0.0020042823,0.0,0.0,0.0,0.0040895906,0.0,0.0,0.0012577883,0.0,0.0,0.0,0.0,0.0,0.0,0.0,0.0,0.00040487677,0.0,0.0,0.0012585793,0.0016604678,0.0,0.0,0.0,0.00043231848,0.0,0.0,0.0,0.0,0.0,0.0,0.0,0.0,0.0,0.0,0.0,0.0,0.0,0.0,0.0,0.0,0.0,0.0,0.0,0.0,0.0,0.0,0.0,0.0,0.0,0.0,0.0,0.00080106594,0.0,0.0,0.0,0.0,0.0,0.0,0.0,0.0,0.0,0.0,0.0066157393,0.0,0.0181217,0.0,0.0,0.0,0.0,0.0,0.0,0.0,0.0,0.00036162394,0.0,0.019480996,0.0,0.0,0.0,0.0,0.0,0.0,0.0,0.0,0.036152765,0.0008447415,0.0,0.0,0.0,0.0011071456,0.0,0.0,0.0043190625,0.0,0.0,0.0,0.0,0.0,0.0,0.0,0.0,0.0,0.0,0.0,0.0,0.0,0.0,0.0,0.0,0.0,0.0,0.0,0.0,0.0,0.0,0.0,0.0,0.0,0.0008993329,0.0,0.0,0.0,0.0,0.0,0.0,0.0,0.0,0.0,0.0,0.0,0.0,0.0,0.0,0.0005786792,0.0,0.0,0.008132654,0.0051544704,0.0,0.0040098582,0.0,0.0,0.0006447285,0.0,0.0005091276,0.0,0.0,0.0,0.0,0.0,0.0010510444,0.0016460621,0.0010981916,0.0008780456,0.0007237097,0.0,0.0037632177,0.0,0.0,0.0,0.0,0.0,0.0,0.0,0.0,0.001155986,0.0,0.0,0.0,0.0,0.0,0.0,0.0,0.0,0.0035476314,0.0,0.00090437214,0.0,0.002540121,0.0012704373,0.0,0.0,0.0,0.0,0.0,0.0,0.0,0.0037552025,0.0,0.0,0.0,0.00031682293,0.0,0.0,0.0,0.0,0.0,0.0,0.00034701283,0.0,0.0,0.0,0.0,0.0,0.0,0.00048133163,0.0,0.0,0.0,0.0,0.0031917042,0.0,0.0,0.0,0.0,0.0,0.0,0.0,0.0,0.0,0.0,0.0,0.0007761606,0.00066001416,0.0,0.0,0.0002664517,0.0,0.001014089,0.0,0.0,0.005703762,0.00068736426,0.0,0.0,0.0,0.0,0.0,0.0,0.0,0.0,0.0,0.0,0.000489997
9,0.0,0.0,0.014751042,0.0,0.0,0.0,0.0004799618,0.0020527188,0.004853413,0.0,0.005411279,0.0,0.0,0.0,0.0,0.0,0.0,0.0,0.0,0.0012868126,0.0,0.0,0.0,0.0,0.0,0.0,0.0,0.00024237495,0.0,0.0,0.0007227582,0.0,0.00033611353,0.0,0.0,0.0,0.0,0.0010026513,0.0,0.0,0.0030851432,0.0,0.0,0.0,0.0036647383,0.0,0.0,0.0,0.0,0.0,0.0,0.0027306473,0.0,0.0,0.0,0.0,0.00021054593,0.0,0.0,0.0021360333,0.005626896,0.0,0.0,0.0,0.0011624844,0.0021900528,0.0,0.0,0.0009949397,0.0,0.0,0.0053291502,0.00048556665,0.0,0.0,0.0,0.0014744992,0.0,0.0,0.0016083352,0.0030401815,0.0028555521,0.0,0.0,0.009490218,0.012156035,0.0067239827,0.0013966932,0.0,0.0,0.0,0.0021362382,0.0,0.0,0.0,0.01238911,0.021613711,0.013568254,0.008370752,0.005805759,0.0022369907,0.0,0.0,0.0,0.0,0.0,0.00011463261,0.00088978274,0.0,0.0,0.006151524,0.0,0.0023152628,0.0005470017,0.0,0.0,0.0002480807,0.0,0.000817042,0.0,0.0,0.0,0.0,0.0,0.0,0.0,0.0,0.0,0.0,0.0,0.0,0.0,0.0,0.0,0.0,0.0,0.0,0.0,0.0014672037,0.0,0.0058852774,0.0005015086,0.0,0.0,0.0,0.0,0.0,0.0002253361,0.0,0.0,0.0014633471,0.0,0.0,0.0,0.00081332476,0.0,0.0,0.0,0.0,0.0,0.0,0.0,0.0,0.0,0.0,0.0,0.0,0.0,0.0,0.0,0.0,0.0010596288,0.0013945904,0.0,0.00014471772,0.0010093607,0.0,0.0,0.0,0.0,0.0014589907,0.0,0.0,0.0,0.0,0.00080851885,0.0012430508,0.0,0.0,0.0,0.0010814231,0.0,0.0,0.0,0.0,0.0,0.0,0.0,0.0011331094,0.0,0.0,0.0002736363,0.0,0.0,0.003666637,0.008771847,0.02489817,0.0032101378,0.0,0.0,0.0,0.0,0.0007348077,0.0,0.0038194116,0.0040300484,0.00070360844,0.0,0.0,0.0,0.0017606496,0.0,0.0,0.00059795275,0.0,0.0,0.0,0.0,0.0,0.0,0.0,0.0,0.00043023913,0.0,0.0,0.0012585795,0.0016604677,0.0,0.0,0.0,0.0005509628,0.0,0.0,0.0,0.0,0.0,0.0,0.0,0.0,0.0,0.0,0.0,0.0,0.0,0.0,0.0,0.0,0.0,0.0,0.0,0.0,0.0,0.0,0.0,0.0,0.0,0.0,0.0,0.0008132903,0.0,0.0,0.0,0.0,0.0,0.0,0.0,0.0,0.0,0.0,0.006909836,0.0,0.013209153,0.0,0.0,0.0,0.0,0.0,0.0,0.0,0.0,0.00033261557,0.0,0.012269373,0.0,0.0,0.0,0.0,0.0,0.0,0.0,0.0,0.017003218,0.00044415583,0.0,0.0,0.0,0.00346845,0.0,0.0,0.0014080931,0.0,0.0,0.0,0.0,0.0,0.0,0.0,0.0,0.0,0.0,0.0,0.0,0.0,0.0,0.0,0.0,0.0,0.0,0.0,0.0,0.0,0.0,0.0,0.0,0.0,0.0011036566,0.0,0.0,0.0,0.0,0.0,0.0,0.0,0.0,0.0,0.0,0.0,0.0,0.0,0.0,0.00040327242,0.0,0.0,0.008243947,0.0011284244,0.0,0.0034057228,0.0,0.0,0.0006447285,0.0,0.00389617,0.0,0.0,0.0,0.0,0.0,0.00092721713,0.0014595975,0.0011253994,0.0012470486,0.00082633126,0.0,0.0044847894,0.0,0.0,0.0,0.0,0.0,0.0,0.0,0.0,0.0008908773,0.0,0.0,0.0,0.0,0.0,0.0,0.0,0.0,0.0029695826,0.0,0.0017497244,0.0,0.0022972468,0.001385252,0.0,0.0,0.0,0.0,0.0,0.0,0.0,0.001262423,0.0,0.0,0.0,0.00031529364,0.0,0.0,0.0,0.0,0.0,0.0,0.00032355846,0.0,0.0,0.0,0.0,0.0,0.0,0.0003891103,0.0,0.0,0.0,0.0,0.0010616621,0.0,0.0,0.0,0.0,0.0,0.0,0.0,0.0,0.0,0.0,0.0,0.001244986,0.00048331558,0.0,0.0,0.00040574308,0.0,0.0012231526,0.0,0.0,0.0018129727,0.00071940274,0.0,0.0,0.0,0.0,0.0,0.0,0.0,0.0,0.0,0.0,0.0006696096
10,0.0,0.0,0.0207177,0.0,0.0,0.0,0.00060705584,0.0016681342,0.0040119276,0.0,0.010161015,0.0,0.0,0.0,0.0,0.0,0.0,0.0,0.0,0.00090403354,0.0,0.0,0.0,0.0,0.0,0.0,0.0,0.00019193528,0.0,0.0,0.0006613648,0.0,0.00031869436,0.0,0.0,0.0,0.0,0.0047657206,0.0,0.0,0.0032567976,0.0,0.0,0.0,0.0046870955,0.0,0.0,0.0,0.0,0.0,0.0,0.0032539428,0.0,0.0,0.0,0.0,0.00021054594,0.0,0.0,0.003982545,0.005626896,0.0,0.0,0.0,0.0011624844,0.0012223643,0.0,0.0,0.0022804642,0.0,0.0,0.005649121,0.0005103963,0.0,0.0,0.0,0.0015504409,0.0,0.0,0.0014139179,0.002263716,0.0032867582,0.0,0.0,0.009721989,0.011362709,0.007681032,0.0030745433,0.0,0.0,0.0,0.0015799623,0.0,0.0,0.0,0.011416321,0.030482817,0.015609794,0.012696114,0.005805759,0.0022369907,0.0,0.0,0.0,0.0,0.0,0.000110812885,0.0010819823,0.0,0.0,0.0063229576,0.0,0.0023152628,0.0005196849,0.0,0.0,0.00024808073,0.0,0.000817042,0.0,0.0,0.0,0.0,0.0,0.0,0.0,0.0,0.0,0.0,0.0,0.0,0.0,0.0,0.0,0.0,0.0,0.0,0.0,0.0014130876,0.0,0.008318684,0.0005193809,0.0,0.0,0.0,0.0,0.0,0.00019041085,0.0,0.0,0.0014675476,0.0,0.0,0.0,0.00081332476,0.0,0.0,0.0,0.0,0.0,0.0,0.0,0.0,0.0,0.0,0.0,0.0,0.0,0.0,0.0,0.0,0.000752715,0.00044764785,0.0,0.00013155311,0.0010259406,0.0,0.0,0.0,0.0,0.0012202343,0.0,0.0,0.0,0.0,0.0008279479,0.0014253376,0.0,0.0,0.0,0.0010531513,0.0,0.0,0.0,0.0,0.0,0.0,0.0,0.006325527,0.0,0.0,0.00086636824,0.0,0.0,0.013386322,0.04598869,0.118181154,0.014018099,0.0,0.0,0.0,0.0,0.0005299626,0.0,0.004115961,0.0043274025,0.0005143392,0.0,0.0,0.0,0.006355249,0.0,0.0,0.00069351273,0.0,0.0,0.0,0.0,0.0,0.0,0.0,0.0,0.00040870087,0.0,0.0,0.0012585794,0.0016604677,0.0,0.0,0.0,0.00038571918,0.0,0.0,0.0,0.0,0.0,0.0,0.0,0.0,0.0,0.0,0.0,0.0,0.0,0.0,0.0,0.0,0.0,0.0,0.0,0.0,0.0,0.0,0.0,0.0,0.0,0.0,0.0,0.0008168384,0.0,0.0,0.0,0.0,0.0,0.0,0.0,0.0,0.0,0.0,0.006710625,0.0,0.009122467,0.0,0.0,0.0,0.0,0.0,0.0,0.0,0.0,0.00036416107,0.0,0.014961532,0.0,0.0,0.0,0.0,0.0,0.0,0.0,0.0,0.014223959,0.0010017973,0.0,0.0,0.0,0.0014981042,0.0,0.0,0.0026417999,0.0,0.0,0.0,0.0,0.0,0.0,0.0,0.0,0.0,0.0,0.0,0.0,0.0,0.0,0.0,0.0,0.0,0.0,0.0,0.0,0.0,0.0,0.0,0.0,0.0,0.000909908,0.0,0.0,0.0,0.0,0.0,0.0,0.0,0.0,0.0,0.0,0.0,0.0,0.0,0.0,0.00040327245,0.0,0.0,0.00795176,0.000612254,0.0,0.0039187684,0.0,0.0,0.0006447285,0.0,0.00054955593,0.0,0.0,0.0,0.0,0.0,0.000939278,0.0014690247,0.0011332966,0.0006440525,0.0005787437,0.0,0.004875865,0.0,0.0,0.0,0.0,0.0,0.0,0.0,0.0,0.0008450197,0.0,0.0,0.0,0.0,0.0,0.0,0.0,0.0,0.002764586,0.0,0.001398099,0.0,0.0049302382,0.0012949723,0.0,0.0,0.0,0.0,0.0,0.0,0.0,0.005644902,0.0,0.0,0.0,0.00031845394,0.0,0.0,0.0,0.0,0.0,0.0,0.00022439117,0.0,0.0,0.0,0.0,0.0,0.0,0.00044471404,0.0,0.0,0.0,0.0,0.0060001477,0.0,0.0,0.0,0.0,0.0,0.0,0.0,0.0,0.0,0.0,0.0,0.00084519456,0.0005922349,0.0,0.0,0.00027814685,0.0,0.00048476076,0.0,0.0,0.0046239886,0.00071044365,0.0,0.0,0.0,0.0,0.0,0.0,0.0,0.0,0.0,0.0,0.00049995334
